{
  "n_total": 500,
  "n_success": 491,
  "n_with_aspects": 448,
  "total_aspects": 1303,
  "avg_aspects_per_record": 2.908482142857143,
  "empty_pct": 0.08757637474541752,
  "elapsed_sec": 153.51724576950073,
  "rate_per_sec": 3.25696306948294
}