{
  "by_source": {
    "trustpilot": {
      "total": 1364,
      "with_label": 1356,
      "coverage": 0.9941348973607038
    },
    "amazon_competitor": {
      "total": 2669,
      "with_label": 2661,
      "coverage": 0.997002622705133
    },
    "momcozy": {
      "total": 270,
      "with_label": 270,
      "coverage": 1.0
    },
    "reddit": {
      "total": 44,
      "with_label": 41,
      "coverage": 0.9318181818181818
    },
    "zendesk": {
      "total": 646,
      "with_label": 533,
      "coverage": 0.8250773993808049
    }
  },
  "nps_distribution": {
    "promoter": 3086,
    "detractor": 1328,
    "passive": 579
  },
  "sentiment_distribution": {
    "positive": 3174,
    "negative": 1269,
    "neutral": 550
  },
  "avg_labels_per_record": 2.466364945484468,
  "distinct_tag_ids_used": 365,
  "top_tags": {
    "TAG_GEN_P001": 1988,
    "TAG_GEN_E006": 855,
    "TAG_GEN_E001": 818,
    "TAG_GEN_S004": 699,
    "TAG_GEN_E002": 694,
    "TAG_GEN_E003": 477,
    "TAG_GEN_D001": 471,
    "TAG_GEN_E007": 324,
    "TAG_GEN_C001": 305,
    "TAG_GEN_E004": 292,
    "TAG_GEN_E008": 219,
    "TAG_L2_005": 161,
    "TAG_GEN_A004": 160,
    "TAG_L2_001": 155,
    "TAG_L2_006": 115,
    "TAG_GEN_N003": 113,
    "TAG_GEN_N008": 110,
    "TAG_SRV_08": 109,
    "TAG_GEN_S003": 97,
    "TAG_GEN_A005": 95
  }
}